job_id,act_calibration,act_equalization,act_equalization_alpha,beta,bias_corr,checkpoint_name,compile_eval,compile_ptq,config,convert_layernorm_to_rmsnorm,dataset,dtype,eval,export_prefix,export_target,few_shot_eval,few_shot_limit,few_shot_override_batch_size,few_shot_tasks,few_shot_zeroshot,functional_sdpa_quant,fuse_sequences,gamma,gpfq,gptq,gpxq_act_order,gpxq_block_name,gpxq_create_weight_orig,gpxq_max_accumulator_bit_width,gpxq_max_accumulator_tile_size,gpxq_use_quant_activations,gradient_accumulation_steps,gradient_checkpointing,help,input_bit_width,input_group_size,input_param_method,input_quant_format,input_quant_granularity,input_quant_type,input_scale_precision,input_scale_type,kv_quant_granularity,kv_quant_type,learned_round,learned_round_fast_update,learned_round_iters,learned_round_lr,learned_round_scale,learned_round_scale_lr,learned_round_scale_momentum,learning_rate,ln_affine_merge,load_awq,load_checkpoint,log_on_each_node,logging_steps,lr_scheduler_type,max_steps,model,no_quantize,nsamples,nsamples_rot_calibration,optimize_rotations,per_device_train_batch_size,quant_sdpa,quantize_input_zero_point,quantize_last_layer,quantize_weight_zero_point,replace_mha,replace_rmsnorm,rotation,rotation_layers_to_expand,rotation_mode,rotation_orphan_sink,rotation_sdpa_regions,save_safetensors,scale_rounding_func_type,scaling_min_val,seed,seqlen,stiefel_optimizer,svd_quant,svd_quant_iters,svd_quant_rank,temperature,use_distillation_loss,weight_bit_width,weight_decay,weight_equalization,weight_group_dim,weight_group_size,weight_param_method,weight_quant_format,weight_quant_granularity,weight_quant_type,weight_scale_precision,elapsed_time,status,retry_number,brevitas_version,torch_version,float_ppl,quant_ppl,"piqa_acc_stderr,none","arc_challenge_acc_norm_stderr,none","arc_challenge_acc,none","arc_easy_acc_stderr,none","piqa_acc_norm_stderr,none","arc_easy_acc_norm,none","winogrande_acc_stderr,none","arc_easy_acc,none","arc_challenge_acc_stderr,none","piqa_acc,none","winogrande_acc,none","piqa_acc_norm,none","arc_challenge_acc_norm,none","arc_easy_acc_norm_stderr,none"
d31dc78ab1e99738d46345e22bcaf65d,False,,0.5,0.5,False,,True,False,,False,wikitext2,float32,True,,,lm_eval,,,"['arc_challenge', 'arc_easy', 'winogrande', 'piqa']",False,False,False,0.1,False,False,False,,False,,,False,8,True,==SUPPRESS==,,64,stats,int,per_tensor,asym,float_scale,static,,,,False,200,0.005,False,0.01,0.9,0.005,False,,False,False,10,cosine,100,meta-llama/Llama-3.2-1B,False,128,800,True,1,False,False,False,False,False,True,fused_no_fx,[],had,True,True,False,,0.0001,0,2048,riemann_adam,False,1,32,2.0,True,3,0.0,False,,128,stats,int,per_group,sym,float_scale,4118.221389532089,successful,1,0.11.1.dev108+ged46276c,2.6.0+rocm6.2.4,8.78091812133789,4.78999505050174e+32,0.01165476861856007,0.012352507042617396,0.20733788395904437,0.008839902656771863,0.011663330673075898,0.24368686868686867,0.014042813708888378,0.24621212121212122,0.011846905782971371,0.5217627856365615,0.5185477505919495,0.5103373231773667,0.23293515358361774,0.00880917174472056
64af7eba26962f2703650f9f134007a3,False,,0.5,0.5,False,,True,False,,False,wikitext2,float32,True,,,lm_eval,,,"['arc_challenge', 'arc_easy', 'winogrande', 'piqa']",False,False,False,0.9,False,False,False,,False,,,False,8,True,==SUPPRESS==,,64,stats,int,per_tensor,asym,float_scale,static,,,,False,200,0.005,False,0.01,0.9,0.1,False,,False,False,10,cosine,100,meta-llama/Llama-3.2-1B,False,128,800,True,1,False,False,False,False,False,True,fused_no_fx,[],had,True,True,False,,0.0001,0,2048,riemann_sgd,False,1,32,2.0,True,3,0.0,False,,128,stats,int,per_group,sym,float_scale,4102.544290065765,successful,1,0.11.1.dev108+ged46276c,2.6.0+rocm6.2.4,8.78091812133789,12.896236419677734,0.011177909079261191,0.01327307786590759,0.25170648464163825,0.01013188249819313,0.011339019654272345,0.390993265993266,0.013983928869040235,0.4212962962962963,0.012682496334042965,0.6430903155603918,0.5493291239147593,0.6175190424374319,0.2909556313993174,0.010012992232540615
75cbba4fe41dbc52c376e4ea27a73cd1,False,,0.5,0.5,False,,True,False,,False,wikitext2,float32,True,,,lm_eval,,,"['arc_challenge', 'arc_easy', 'winogrande', 'piqa']",False,False,False,0.9,False,False,False,,False,,,False,8,True,==SUPPRESS==,,64,stats,int,per_tensor,asym,float_scale,static,,,,False,200,0.005,False,0.01,0.9,0.02,False,,False,False,10,cosine,100,meta-llama/Llama-3.2-1B,False,128,800,True,1,False,False,False,False,False,True,fused_no_fx,[],had,True,True,False,,0.0001,0,2048,riemann_adam,False,1,32,2.0,True,3,0.0,False,,128,stats,int,per_group,sym,float_scale,4063.0324165821075,successful,1,0.11.1.dev108+ged46276c,2.6.0+rocm6.2.4,8.78091812133789,inf,0.011649900854263422,0.01305716965576184,0.2098976109215017,0.008741163824469189,0.01165686997928846,0.25,0.01405090552122858,0.2382154882154882,0.011900548748047439,0.5261153427638737,0.5074980268350434,0.4804134929270947,0.27559726962457337,0.008885233166386385
695bec340db90bd85f9d3ef4ad98e349,False,,0.5,0.5,False,,True,False,,False,wikitext2,float32,True,,,lm_eval,,,"['arc_challenge', 'arc_easy', 'winogrande', 'piqa']",False,False,False,1.0,False,False,False,,False,,,False,8,True,==SUPPRESS==,,64,stats,int,per_tensor,asym,float_scale,static,,,,False,200,0.005,False,0.01,0.9,0.5,False,,False,False,10,cosine,100,meta-llama/Llama-3.2-1B,False,128,800,True,1,False,False,False,False,False,True,fused_no_fx,[],had,True,True,False,,0.0001,0,2048,riemann_sgd,False,1,32,2.0,True,3,0.0,False,,128,stats,int,per_group,sym,float_scale,4092.301805973053,successful,1,0.11.1.dev108+ged46276c,2.6.0+rocm6.2.4,8.78091812133789,2925.409423828125,0.011648545262429023,0.012889272949313366,0.20477815699658702,0.00885511441483471,0.011664656918145945,0.25673400673400676,0.014050170094497704,0.2474747474747475,0.011792544338513402,0.5272034820457019,0.4909234411996843,0.5070729053318824,0.2645051194539249,0.008963590834042407
27afbd6d42df349bb2cc7c1a502e9379,False,,0.5,0.5,False,,True,False,,False,wikitext2,float32,True,,,lm_eval,,,"['arc_challenge', 'arc_easy', 'winogrande', 'piqa']",False,False,False,0.5,False,False,False,,False,,,False,8,True,==SUPPRESS==,,64,stats,int,per_tensor,asym,float_scale,static,,,,False,200,0.005,False,0.01,0.9,0.5,False,,False,False,10,cosine,100,meta-llama/Llama-3.2-1B,False,128,800,True,1,False,False,False,False,False,True,fused_no_fx,[],had,True,True,False,,0.0001,0,2048,riemann_sgd,False,1,32,2.0,True,3,0.0,False,,128,stats,int,per_group,sym,float_scale,3978.922930955887,successful,1,0.11.1.dev108+ged46276c,2.6.0+rocm6.2.4,8.78091812133789,2008.14111328125,0.011654208652596467,0.012766923794116801,0.21928327645051193,0.009034514898865831,0.01166538214464239,0.26052188552188554,0.014050905521228577,0.26304713804713803,0.012091245787615734,0.5223068552774756,0.4925019731649566,0.5043525571273123,0.2568259385665529,0.009006435890336588
ff09b668220f0b57f77eece0dc4ec36a,False,,0.5,0.5,False,,True,False,,False,wikitext2,float32,True,,,lm_eval,,,"['arc_challenge', 'arc_easy', 'winogrande', 'piqa']",False,False,False,1.0,False,False,False,,False,,,False,8,True,==SUPPRESS==,,64,stats,int,per_tensor,asym,float_scale,static,,,,False,200,0.005,False,0.01,0.9,0.05,False,,False,False,10,cosine,100,meta-llama/Llama-3.2-1B,False,128,800,True,1,False,False,False,False,False,True,fused_no_fx,[],had,True,True,False,,0.0001,0,2048,riemann_sgd,False,1,32,2.0,True,3,0.0,False,,128,stats,int,per_group,sym,float_scale,3991.608326435089,successful,1,0.11.1.dev108+ged46276c,2.6.0+rocm6.2.4,8.78091812133789,13.290525436401367,0.011211397313020377,0.013329750293382316,0.25,0.010123487160167812,0.011363095931902852,0.39730639730639733,0.013996485037729779,0.4187710437710438,0.012653835621466646,0.6381936887921654,0.5445935280189423,0.6131664853101197,0.295221843003413,0.01004105307888428
4e9a6611749fffb3a7158b630355f47e,False,,0.5,0.5,False,,True,False,,False,wikitext2,float32,True,,,lm_eval,,,"['arc_challenge', 'arc_easy', 'winogrande', 'piqa']",False,False,False,0.1,False,False,False,,False,,,False,8,True,==SUPPRESS==,,64,stats,int,per_tensor,asym,float_scale,static,,,,False,200,0.005,False,0.01,0.9,1.5,False,,False,False,10,cosine,100,meta-llama/Llama-3.2-1B,False,128,800,True,1,False,False,False,False,False,True,fused_no_fx,[],had,True,True,False,,0.0001,0,2048,,False,1,32,2.0,True,3,0.0,False,,128,stats,int,per_group,sym,float_scale,3996.9208092689514,successful,1,0.11.1.dev108+ged46276c,2.6.0+rocm6.2.4,8.78091812133789,13.843185424804688,0.01123302183055483,0.013340916085246258,0.25426621160409557,0.010137328382209094,0.011287972563201023,0.390993265993266,0.0139626949076204,0.42297979797979796,0.012724999945157751,0.6349292709466812,0.5564325177584846,0.6262241566920566,0.2960750853242321,0.01001299223254062
e47e53a7978705199bba7e6c25bd686a,False,,0.5,0.5,False,,True,False,,False,wikitext2,float32,True,,,lm_eval,,,"['arc_challenge', 'arc_easy', 'winogrande', 'piqa']",False,False,False,0.9,False,False,False,,False,,,False,8,True,==SUPPRESS==,,64,stats,int,per_tensor,asym,float_scale,static,,,,False,200,0.005,False,0.01,0.9,0.1,False,,False,False,10,cosine,100,meta-llama/Llama-3.2-1B,False,128,800,True,1,False,False,False,False,False,True,fused_no_fx,[],had,True,True,False,,0.0001,0,2048,riemann_adam,False,1,32,2.0,True,3,0.0,False,,128,stats,int,per_group,sym,float_scale,3964.4650008678436,successful,1,0.11.1.dev108+ged46276c,2.6.0+rocm6.2.4,8.78091812133789,inf,0.011653634832401179,0.012835523909473835,0.21416382252559726,0.008834809366391486,0.011662778026451675,0.26052188552188554,0.014050905521228577,0.24579124579124578,0.011988383205966497,0.5228509249183896,0.5074980268350434,0.4885745375408052,0.26109215017064846,0.009006435890336591
db0f60c9b68f0daf8e402135d350affc,False,,0.5,0.5,False,,True,False,,False,wikitext2,float32,True,,,lm_eval,,,"['arc_challenge', 'arc_easy', 'winogrande', 'piqa']",False,False,False,0.0,False,False,False,,False,,,False,8,True,==SUPPRESS==,,64,stats,int,per_tensor,asym,float_scale,static,,,,False,200,0.005,False,0.01,0.9,0.5,False,,False,False,10,cosine,100,meta-llama/Llama-3.2-1B,False,128,800,True,1,False,False,False,False,False,True,fused_no_fx,[],had,True,True,False,,0.0001,0,2048,riemann_sgd,False,1,32,2.0,True,3,0.0,False,,128,stats,int,per_group,sym,float_scale,4002.808282852173,successful,1,0.11.1.dev108+ged46276c,2.6.0+rocm6.2.4,8.78091812133789,9.794414468920625e+33,0.011609747200733071,0.012724999945157757,0.22866894197952217,0.008793651516485073,0.011651830225709979,0.24368686868686867,0.01405017009449771,0.24242424242424243,0.012272853582540806,0.5489662676822633,0.5090765588003157,0.5244831338411317,0.25426621160409557,0.00880917174472056
9fdd23464b8b60497efeff92d875c85d,False,,0.5,0.5,False,,True,False,,False,wikitext2,float32,True,,,lm_eval,,,"['arc_challenge', 'arc_easy', 'winogrande', 'piqa']",False,False,False,0.9,False,False,False,,False,,,False,8,True,==SUPPRESS==,,64,stats,int,per_tensor,asym,float_scale,static,,,,False,200,0.005,False,0.01,0.9,0.005,False,,False,False,10,cosine,100,meta-llama/Llama-3.2-1B,False,128,800,True,1,False,False,False,False,False,True,fused_no_fx,[],had,True,True,False,,0.0001,0,2048,riemann_adam,False,1,32,2.0,True,3,0.0,False,,128,stats,int,per_group,sym,float_scale,4018.234193086624,successful,1,0.11.1.dev108+ged46276c,2.6.0+rocm6.2.4,8.78091812133789,10222031601664.0,0.011651830225709977,0.012821930225112564,0.22525597269624573,0.008977970005203404,0.011665264730078142,0.25462962962962965,0.014052481306049516,0.257996632996633,0.01220783999540731,0.5244831338411317,0.4996053670086819,0.49510337323177367,0.26023890784982934,0.008939407288589399
aae4fdec892950665f5b9829f8d032ea,False,,0.5,0.5,False,,True,False,,False,wikitext2,float32,True,,,lm_eval,,,"['arc_challenge', 'arc_easy', 'winogrande', 'piqa']",False,False,False,0.5,False,False,False,,False,,,False,8,True,==SUPPRESS==,,64,stats,int,per_tensor,asym,float_scale,static,,,,False,200,0.005,False,0.01,0.9,0.1,False,,False,False,10,cosine,100,meta-llama/Llama-3.2-1B,False,128,800,True,1,False,False,False,False,False,True,fused_no_fx,[],had,True,True,False,,0.0001,0,2048,riemann_sgd,False,1,32,2.0,True,3,0.0,False,,128,stats,int,per_group,sym,float_scale,4188.2508227825165,successful,1,0.11.1.dev108+ged46276c,2.6.0+rocm6.2.4,8.78091812133789,14.529760360717773,0.011354179751257073,0.01310678488360134,0.24146757679180889,0.00999730791444761,0.011402931101558373,0.3712121212121212,0.013986110301017766,0.38762626262626265,0.012506564839739429,0.6147986942328618,0.5485398579321231,0.6055495103373232,0.2790102389078498,0.00991359900184575
db785eac320d94e5193e8403ee6cb5ed,False,,0.5,0.5,False,,True,False,,False,wikitext2,float32,True,,,lm_eval,,,"['arc_challenge', 'arc_easy', 'winogrande', 'piqa']",False,False,False,0.5,False,False,False,,False,,,False,8,True,==SUPPRESS==,,64,stats,int,per_tensor,asym,float_scale,static,,,,False,200,0.005,False,0.01,0.9,0.1,False,,False,False,10,cosine,100,meta-llama/Llama-3.2-1B,False,128,800,True,1,False,False,False,False,False,True,fused_no_fx,[],had,True,True,False,,0.0001,0,2048,riemann_adam,False,1,32,2.0,True,3,0.0,False,,128,stats,int,per_group,sym,float_scale,3945.8786964416504,successful,1,0.11.1.dev108+ged46276c,2.6.0+rocm6.2.4,8.78091812133789,inf,0.011654208652596471,0.012566273985131358,0.21331058020477817,0.008973187820215217,0.011663828032649181,0.2609427609427609,0.014036189665395134,0.25757575757575757,0.011970971742326334,0.5223068552774756,0.47592738752959746,0.5092491838955386,0.24488054607508533,0.009011142493235974
95ad19cc5b43f2418ea94dab7732644f,False,,0.5,0.5,False,,True,False,,False,wikitext2,float32,True,,,lm_eval,,,"['arc_challenge', 'arc_easy', 'winogrande', 'piqa']",False,False,False,0.5,False,False,False,,False,,,False,8,True,==SUPPRESS==,,64,stats,int,per_tensor,asym,float_scale,static,,,,False,200,0.005,False,0.01,0.9,0.005,False,,False,False,10,cosine,100,meta-llama/Llama-3.2-1B,False,128,800,True,1,False,False,False,False,False,True,fused_no_fx,[],had,True,True,False,,0.0001,0,2048,riemann_adam,False,1,32,2.0,True,3,0.0,False,,128,stats,int,per_group,sym,float_scale,4030.984667301178,successful,1,0.11.1.dev108+ged46276c,2.6.0+rocm6.2.4,8.78091812133789,1716441856.0,0.011661506839823785,0.012980954547659556,0.20563139931740615,0.008875238553583171,0.011664988455853318,0.25126262626262624,0.014051220692330349,0.24915824915824916,0.01181074526074257,0.5136017410228509,0.5067087608524072,0.4940152339499456,0.27047781569965873,0.008900141191221643
bfdfba99555781748be75505e2712c9f,False,,0.5,0.5,False,,True,False,,False,wikitext2,float32,True,,,lm_eval,,,"['arc_challenge', 'arc_easy', 'winogrande', 'piqa']",False,False,False,0.9,False,False,False,,False,,,False,8,True,==SUPPRESS==,,64,stats,int,per_tensor,asym,float_scale,static,,,,False,200,0.005,False,0.01,0.9,1.5,False,,False,False,10,cosine,100,meta-llama/Llama-3.2-1B,False,128,800,True,1,False,False,False,False,False,True,fused_no_fx,[],had,True,True,False,,0.0001,0,2048,,False,1,32,2.0,True,3,0.0,False,,128,stats,int,per_group,sym,float_scale,3986.170383453369,successful,1,0.11.1.dev108+ged46276c,2.6.0+rocm6.2.4,8.78091812133789,13.064269065856934,0.011147074365010461,0.013307250444941118,0.24744027303754265,0.010150415974210875,0.01129783958977666,0.3918350168350168,0.013960157350784987,0.4271885521885522,0.012610352663292673,0.6474428726877041,0.5572217837411207,0.6245919477693145,0.2935153583617747,0.010016835016834992
6200235f2411646d69ff29e532f4f1ef,False,,0.5,0.5,False,,True,False,,False,wikitext2,float32,True,,,lm_eval,,,"['arc_challenge', 'arc_easy', 'winogrande', 'piqa']",False,False,False,0.1,False,False,False,,False,,,False,8,True,==SUPPRESS==,,64,stats,int,per_tensor,asym,float_scale,static,,,,False,200,0.005,False,0.01,0.9,0.5,False,,False,False,10,cosine,100,meta-llama/Llama-3.2-1B,False,128,800,True,1,False,False,False,False,False,True,fused_no_fx,[],had,True,True,False,,0.0001,0,2048,riemann_sgd,False,1,32,2.0,True,3,0.0,False,,128,stats,int,per_group,sym,float_scale,4018.412784576416,successful,1,0.11.1.dev108+ged46276c,2.6.0+rocm6.2.4,8.78091812133789,5470.7763671875,0.011653634832401174,0.012653835621466646,0.20051194539249148,0.008860162361464032,0.011662778026451666,0.26136363636363635,0.014047122916440415,0.2478956228956229,0.011700318050499382,0.5228509249183896,0.4861878453038674,0.5114254624591947,0.25,0.009015838366608193
f90cf63638b35da300dba9fcdf15dcb0,False,,0.5,0.5,False,,True,False,,False,wikitext2,float32,True,,,lm_eval,,,"['arc_challenge', 'arc_easy', 'winogrande', 'piqa']",False,False,False,0.9,False,False,False,,False,,,False,8,True,==SUPPRESS==,,64,stats,int,per_tensor,asym,float_scale,static,,,,False,200,0.005,False,0.01,0.9,0.5,False,,False,False,10,cosine,100,meta-llama/Llama-3.2-1B,False,128,800,True,1,False,False,False,False,False,True,fused_no_fx,[],had,True,True,False,,0.0001,0,2048,riemann_sgd,False,1,32,2.0,True,3,0.0,False,,128,stats,int,per_group,sym,float_scale,4038.566799402237,successful,1,0.11.1.dev108+ged46276c,2.6.0+rocm6.2.4,8.78091812133789,2003.372314453125,0.011665264730078145,0.01295506596371068,0.22098976109215018,0.008987501845758044,0.011665817258899177,0.2609427609427609,0.014051220692330346,0.2588383838383838,0.012124929206818258,0.5048966267682263,0.5067087608524072,0.499455930359086,0.2687713310580205,0.009011142493235974
e1ccc7f0de6f7bd8e2964dc39796662a,False,,0.5,0.5,False,,True,False,,False,wikitext2,float32,True,,,lm_eval,,,"['arc_challenge', 'arc_easy', 'winogrande', 'piqa']",False,False,False,0.5,False,False,False,,False,,,False,8,True,==SUPPRESS==,,64,stats,int,per_tensor,asym,float_scale,static,,,,False,200,0.005,False,0.01,0.9,0.02,False,,False,False,10,cosine,100,meta-llama/Llama-3.2-1B,False,128,800,True,1,False,False,False,False,False,True,fused_no_fx,[],had,True,True,False,,0.0001,0,2048,riemann_adam,False,1,32,2.0,True,3,0.0,False,,128,stats,int,per_group,sym,float_scale,4099.087039709091,successful,1,0.11.1.dev108+ged46276c,2.6.0+rocm6.2.4,8.78091812133789,inf,0.01166150683982378,0.0127807705627684,0.22525597269624573,0.008968394768971991,0.011663061261117741,0.25252525252525254,0.014051220692330349,0.25715488215488214,0.012207839995407317,0.5136017410228509,0.49329123914759276,0.5108813928182807,0.257679180887372,0.008914948991495702
1eedb07d15c058e41cfb5cbd403f1531,False,,0.5,0.5,False,,True,False,,False,wikitext2,float32,True,,,lm_eval,,,"['arc_challenge', 'arc_easy', 'winogrande', 'piqa']",False,False,False,0.5,False,False,False,,False,,,False,8,True,==SUPPRESS==,,64,stats,int,per_tensor,asym,float_scale,static,,,,False,200,0.005,False,0.01,0.9,0.05,False,,False,False,10,cosine,100,meta-llama/Llama-3.2-1B,False,128,800,True,1,False,False,False,False,False,True,fused_no_fx,[],had,True,True,False,,0.0001,0,2048,riemann_sgd,False,1,32,2.0,True,3,0.0,False,,128,stats,int,per_group,sym,float_scale,3998.965429544449,successful,1,0.11.1.dev108+ged46276c,2.6.0+rocm6.2.4,8.78091812133789,14.7903470993042,0.011354179751257073,0.013226719056266129,0.24829351535836178,0.010018744689650043,0.011434766962108307,0.36658249158249157,0.014011242594964134,0.39225589225589225,0.012624912868089755,0.6147986942328618,0.5382794001578532,0.5990206746463548,0.28754266211604096,0.009887786585323964
1200269824505a6ea3080ec5ab3f009d,False,,0.5,0.5,False,,True,False,,False,wikitext2,float32,True,,,lm_eval,,,"['arc_challenge', 'arc_easy', 'winogrande', 'piqa']",False,False,False,0.0,False,False,False,,False,,,False,8,True,==SUPPRESS==,,64,stats,int,per_tensor,asym,float_scale,static,,,,False,200,0.005,False,0.01,0.9,1.5,False,,False,False,10,cosine,100,meta-llama/Llama-3.2-1B,False,128,800,True,1,False,False,False,False,False,True,fused_no_fx,[],had,True,True,False,,0.0001,0,2048,,False,1,32,2.0,True,3,0.0,False,,128,stats,int,per_group,sym,float_scale,3999.9705612659454,successful,1,0.11.1.dev108+ged46276c,2.6.0+rocm6.2.4,8.78091812133789,14.32506275177002,0.011287972563201019,0.013307250444941108,0.25170648464163825,0.010138671005289049,0.011297839589776662,0.38846801346801346,0.013996485037729772,0.4234006734006734,0.012682496334042961,0.6262241566920566,0.5445935280189423,0.6245919477693145,0.2935153583617747,0.01000127604448523
71de13405294ae028f0ee810af941d0c,False,,0.5,0.5,False,,True,False,,False,wikitext2,float32,True,,,lm_eval,,,"['arc_challenge', 'arc_easy', 'winogrande', 'piqa']",False,False,False,1.0,False,False,False,,False,,,False,8,True,==SUPPRESS==,,64,stats,int,per_tensor,asym,float_scale,static,,,,False,200,0.005,False,0.01,0.9,1.5,False,,False,False,10,cosine,100,meta-llama/Llama-3.2-1B,False,128,800,True,1,False,False,False,False,False,True,fused_no_fx,[],had,True,True,False,,0.0001,0,2048,,False,1,32,2.0,True,3,0.0,False,,128,stats,int,per_group,sym,float_scale,4066.6536633968353,successful,1,0.11.1.dev108+ged46276c,2.6.0+rocm6.2.4,8.78091812133789,13.08618450164795,0.011154877708188675,0.013273077865907585,0.2551194539249147,0.010154195733990961,0.011317163404516854,0.39057239057239057,0.013944181296470804,0.42845117845117847,0.012739038695202107,0.6463547334058759,0.5619573796369376,0.6213275299238302,0.2909556313993174,0.010011059112064251
7ea24f0563f76fb6365bb3ad84d8e875,False,,0.5,0.5,False,,True,False,,False,wikitext2,float32,True,,,lm_eval,,,"['arc_challenge', 'arc_easy', 'winogrande', 'piqa']",False,False,False,1.0,False,False,False,,False,,,False,8,True,==SUPPRESS==,,64,stats,int,per_tensor,asym,float_scale,static,,,,False,200,0.005,False,0.01,0.9,0.005,False,,False,False,10,cosine,100,meta-llama/Llama-3.2-1B,False,128,800,True,1,False,False,False,False,False,True,fused_no_fx,[],had,True,True,False,,0.0001,0,2048,riemann_adam,False,1,32,2.0,True,3,0.0,False,,128,stats,int,per_group,sym,float_scale,4017.284036874771,successful,1,0.11.1.dev108+ged46276c,2.6.0+rocm6.2.4,8.78091812133789,1416971987976192.0,0.011655846995729701,0.012753013241244521,0.22525597269624573,0.008973187820215217,0.011665796539540876,0.2537878787878788,0.014049749833367585,0.25757575757575757,0.012207839995407317,0.5206746463547334,0.5098658247829518,0.501088139281828,0.25597269624573377,0.008929657065808307
7e384d2ea5adae7c0f8f2d96e83f2f09,False,,0.5,0.5,False,,True,False,,False,wikitext2,float32,True,,,lm_eval,,,"['arc_challenge', 'arc_easy', 'winogrande', 'piqa']",False,False,False,0.1,False,False,False,,False,,,False,8,True,==SUPPRESS==,,64,stats,int,per_tensor,asym,float_scale,static,,,,False,200,0.005,False,0.01,0.9,0.1,False,,False,False,10,cosine,100,meta-llama/Llama-3.2-1B,False,128,800,True,1,False,False,False,False,False,True,fused_no_fx,[],had,True,True,False,,0.0001,0,2048,riemann_sgd,False,1,32,2.0,True,3,0.0,False,,128,stats,int,per_group,sym,float_scale,4139.529988050461,successful,1,0.11.1.dev108+ged46276c,2.6.0+rocm6.2.4,8.78091812133789,71.13457489013672,0.011546694435712195,0.012383873560768678,0.19539249146757678,0.009441202922359185,0.011610989358814274,0.31102693602693604,0.014047718393997663,0.3042929292929293,0.011586907189952911,0.5712731229597389,0.5130228887134964,0.5484221980413493,0.23464163822525597,0.009498790639757611
b8c8a2a45f68f1e148c0475bedd4a2c5,False,,0.5,0.5,False,,True,False,,False,wikitext2,float32,True,,,lm_eval,,,"['arc_challenge', 'arc_easy', 'winogrande', 'piqa']",False,False,False,0.0,False,False,False,,False,,,False,8,True,==SUPPRESS==,,64,stats,int,per_tensor,asym,float_scale,static,,,,False,200,0.005,False,0.01,0.9,0.05,False,,False,False,10,cosine,100,meta-llama/Llama-3.2-1B,False,128,800,True,1,False,False,False,False,False,True,fused_no_fx,[],had,True,True,False,,0.0001,0,2048,riemann_sgd,False,1,32,2.0,True,3,0.0,False,,128,stats,int,per_group,sym,float_scale,4160.567724943161,successful,1,0.11.1.dev108+ged46276c,2.6.0+rocm6.2.4,8.78091812133789,257680.9375,0.011623729421518134,0.0127945537542887,0.2226962457337884,0.008958775997918363,0.011665796539540871,0.2588383838383838,0.014052446290529015,0.2563131313131313,0.012158314774829924,0.5424374319912949,0.5011838989739542,0.501088139281828,0.25853242320819114,0.008987501845758063
c0815435ef88d11b86c6d4279c59cadb,False,,0.5,0.5,False,,True,False,,False,wikitext2,float32,True,,,lm_eval,,,"['arc_challenge', 'arc_easy', 'winogrande', 'piqa']",False,False,False,0.1,False,False,False,,False,,,False,8,True,==SUPPRESS==,,64,stats,int,per_tensor,asym,float_scale,static,,,,False,200,0.005,False,0.01,0.9,0.02,False,,False,False,10,cosine,100,meta-llama/Llama-3.2-1B,False,128,800,True,1,False,False,False,False,False,True,fused_no_fx,[],had,True,True,False,,0.0001,0,2048,riemann_adam,False,1,32,2.0,True,3,0.0,False,,128,stats,int,per_group,sym,float_scale,4089.9921016693115,successful,1,0.11.1.dev108+ged46276c,2.6.0+rocm6.2.4,8.78091812133789,inf,0.011663828032649181,0.01320319608853736,0.23378839590443687,0.008973187820215217,0.011661506839823766,0.2588383838383838,0.014051220692330346,0.25757575757575757,0.012368225378507142,0.5092491838955386,0.49329123914759276,0.48639825897714906,0.2858361774744027,0.008987501845758063
18b7cdb4e8a3072f74e81cb186786f0f,False,,0.5,0.5,False,,True,False,,False,wikitext2,float32,True,,,lm_eval,,,"['arc_challenge', 'arc_easy', 'winogrande', 'piqa']",False,False,False,0.1,False,False,False,,False,,,False,8,True,==SUPPRESS==,,64,stats,int,per_tensor,asym,float_scale,static,,,,False,200,0.005,False,0.01,0.9,0.05,False,,False,False,10,cosine,100,meta-llama/Llama-3.2-1B,False,128,800,True,1,False,False,False,False,False,True,fused_no_fx,[],had,True,True,False,,0.0001,0,2048,riemann_sgd,False,1,32,2.0,True,3,0.0,False,,128,stats,int,per_group,sym,float_scale,4246.107732772827,successful,1,0.11.1.dev108+ged46276c,2.6.0+rocm6.2.4,8.78091812133789,64.47612762451172,0.011557407210100257,0.012639407111926435,0.21160409556313994,0.009466688832475373,0.011627942981817168,0.30597643097643096,0.014037241309573645,0.30723905723905726,0.011935916358632857,0.5680087051142546,0.5232833464877664,0.5402611534276387,0.24914675767918087,0.00945582203642662
5c8c0e51fff99c75a5bee5379c0e61ec,False,,0.5,0.5,False,,True,False,,False,wikitext2,float32,True,,,lm_eval,,,"['arc_challenge', 'arc_easy', 'winogrande', 'piqa']",False,False,False,0.0,False,False,False,,False,,,False,8,True,==SUPPRESS==,,64,stats,int,per_tensor,asym,float_scale,static,,,,False,200,0.005,False,0.01,0.9,0.005,False,,False,False,10,cosine,100,meta-llama/Llama-3.2-1B,False,128,800,True,1,False,False,False,False,False,True,fused_no_fx,[],had,True,True,False,,0.0001,0,2048,riemann_adam,False,1,32,2.0,True,3,0.0,False,,128,stats,int,per_group,sym,float_scale,4130.629736661911,successful,1,0.11.1.dev108+ged46276c,2.6.0+rocm6.2.4,8.78091812133789,inf,0.011632896120570526,0.012610352663292673,0.23122866894197952,0.008725189261472274,0.011664055982032833,0.234006734006734,0.014051220692330346,0.23695286195286194,0.012320858834772281,0.5375408052230686,0.5067087608524072,0.5087051142546246,0.24744027303754265,0.008687500578023184
a4a27f67ab99f036b9e67e9b3562af2a,False,,0.5,0.5,False,,True,False,,False,wikitext2,float32,True,,,lm_eval,,,"['arc_challenge', 'arc_easy', 'winogrande', 'piqa']",False,False,False,0.0,False,False,False,,False,,,False,8,True,==SUPPRESS==,,64,stats,int,per_tensor,asym,float_scale,static,,,,False,200,0.005,False,0.01,0.9,0.1,False,,False,False,10,cosine,100,meta-llama/Llama-3.2-1B,False,128,800,True,1,False,False,False,False,False,True,fused_no_fx,[],had,True,True,False,,0.0001,0,2048,riemann_adam,False,1,32,2.0,True,3,0.0,False,,128,stats,int,per_group,sym,float_scale,3943.7027781009674,successful,1,0.11.1.dev108+ged46276c,2.6.0+rocm6.2.4,8.78091812133789,inf,0.01164854526242902,0.012753013241244532,0.23037542662116042,0.008719840797175766,0.011664988455853313,0.24116161616161616,0.014048804199859322,0.23653198653198654,0.01230492841874761,0.5272034820457019,0.48855564325177586,0.5059847660500544,0.25597269624573377,0.00877802737825802
d341e9ed5dbdda6da062765b1bc1847e,False,,0.5,0.5,False,,True,False,,False,wikitext2,float32,True,,,lm_eval,,,"['arc_challenge', 'arc_easy', 'winogrande', 'piqa']",False,False,False,1.0,False,False,False,,False,,,False,8,True,==SUPPRESS==,,64,stats,int,per_tensor,asym,float_scale,static,,,,False,200,0.005,False,0.01,0.9,0.1,False,,False,False,10,cosine,100,meta-llama/Llama-3.2-1B,False,128,800,True,1,False,False,False,False,False,True,fused_no_fx,[],had,True,True,False,,0.0001,0,2048,riemann_adam,False,1,32,2.0,True,3,0.0,False,,128,stats,int,per_group,sym,float_scale,4046.7104551792145,successful,1,0.11.1.dev108+ged46276c,2.6.0+rocm6.2.4,8.78091812133789,inf,0.011649229994347384,0.012955065963710691,0.23037542662116042,0.009062210626971844,0.011665651503000729,0.2622053872053872,0.014052446290529015,0.26557239057239057,0.012304928418747611,0.5266594124047879,0.4988161010260458,0.5027203482045702,0.2687713310580205,0.009025197991724828
6f685518539b76702a4a3dd8180260d9,False,,0.5,0.5,False,,True,False,,False,wikitext2,float32,True,,,lm_eval,,,"['arc_challenge', 'arc_easy', 'winogrande', 'piqa']",False,False,False,0.0,False,False,False,,False,,,False,8,True,==SUPPRESS==,,64,stats,int,per_tensor,asym,float_scale,static,,,,False,200,0.005,False,0.01,0.9,0.02,False,,False,False,10,cosine,100,meta-llama/Llama-3.2-1B,False,128,800,True,1,False,False,False,False,False,True,fused_no_fx,[],had,True,True,False,,0.0001,0,2048,riemann_adam,False,1,32,2.0,True,3,0.0,False,,128,stats,int,per_group,sym,float_scale,4028.4633123874664,successful,1,0.11.1.dev108+ged46276c,2.6.0+rocm6.2.4,8.78091812133789,inf,0.01163750099381585,0.01305716965576184,0.2226962457337884,0.008905088235948778,0.011664470424044972,0.24242424242424243,0.014051745961790516,0.2516835016835017,0.012158314774829931,0.5348204570184983,0.505130228887135,0.5076169749727966,0.27559726962457337,0.008793651516485089
0c9befc5eab00883a801c5d80e23028d,False,,0.5,0.5,False,,True,False,,False,wikitext2,float32,True,,,lm_eval,,,"['arc_challenge', 'arc_easy', 'winogrande', 'piqa']",False,False,False,1.0,False,False,False,,False,,,False,8,True,==SUPPRESS==,,64,stats,int,per_tensor,asym,float_scale,static,,,,False,200,0.005,False,0.01,0.9,0.02,False,,False,False,10,cosine,100,meta-llama/Llama-3.2-1B,False,128,800,True,1,False,False,False,False,False,True,fused_no_fx,[],had,True,True,False,,0.0001,0,2048,riemann_adam,False,1,32,2.0,True,3,0.0,False,,128,stats,int,per_group,sym,float_scale,4062.1401937007904,successful,1,0.11.1.dev108+ged46276c,2.6.0+rocm6.2.4,8.78091812133789,inf,0.01166217008491689,0.012739038695202109,0.20477815699658702,0.008968394768971993,0.01166277802645167,0.2521043771043771,0.014052481306049516,0.25715488215488214,0.011792544338513398,0.5125136017410229,0.4996053670086819,0.4885745375408052,0.2551194539249147,0.00891002416321818
0ad34430ad248ad1746eaee1f78049ea,False,,0.5,0.5,False,,True,False,,False,wikitext2,float32,True,,,lm_eval,,,"['arc_challenge', 'arc_easy', 'winogrande', 'piqa']",False,False,False,0.1,False,False,False,,False,,,False,8,True,==SUPPRESS==,,64,stats,int,per_tensor,asym,float_scale,static,,,,False,200,0.005,False,0.01,0.9,0.1,False,,False,False,10,cosine,100,meta-llama/Llama-3.2-1B,False,128,800,True,1,False,False,False,False,False,True,fused_no_fx,[],had,True,True,False,,0.0001,0,2048,riemann_adam,False,1,32,2.0,True,3,0.0,False,,128,stats,int,per_group,sym,float_scale,3962.2278871536255,successful,1,0.11.1.dev108+ged46276c,2.6.0+rocm6.2.4,8.78091812133789,inf,0.011664470424044976,0.012566273985131358,0.20136518771331058,0.009094042554994857,0.01166538214464238,0.27441077441077444,0.014046492383275835,0.26851851851851855,0.011718927477444265,0.5076169749727966,0.5146014206787688,0.4956474428726877,0.24488054607508533,0.009156177122244535
3a9bb99d18fd539901d84d5eed685ccc,False,,0.5,0.5,False,,True,False,,False,wikitext2,float32,True,,,lm_eval,,,"['arc_challenge', 'arc_easy', 'winogrande', 'piqa']",False,False,False,0.0,False,False,False,,False,,,False,8,True,==SUPPRESS==,,64,stats,int,per_tensor,asym,float_scale,static,,,,False,200,0.005,False,0.01,0.9,0.1,False,,False,False,10,cosine,100,meta-llama/Llama-3.2-1B,False,128,800,True,1,False,False,False,False,False,True,fused_no_fx,[],had,True,True,False,,0.0001,0,2048,riemann_sgd,False,1,32,2.0,True,3,0.0,False,,128,stats,int,per_group,sym,float_scale,4411.573105573654,successful,1,0.11.1.dev108+ged46276c,2.6.0+rocm6.2.4,8.78091812133789,105230776.0,0.01164784665606225,0.01272499994515775,0.20819112627986347,0.009025197991724843,0.0116654857447468,0.2596801346801347,0.014052271211616436,0.2622053872053872,0.011864866118448069,0.5277475516866159,0.4972375690607735,0.5038084874863983,0.25426621160409557,0.008996990428562217
b3f7bc4b21d96ac8c0eca38701de9a4e,False,,0.5,0.5,False,,True,False,,False,wikitext2,float32,True,,,lm_eval,,,"['arc_challenge', 'arc_easy', 'winogrande', 'piqa']",False,False,False,0.5,False,False,False,,False,,,False,8,True,==SUPPRESS==,,64,stats,int,per_tensor,asym,float_scale,static,,,,False,200,0.005,False,0.01,0.9,1.5,False,,False,False,10,cosine,100,meta-llama/Llama-3.2-1B,False,128,800,True,1,False,False,False,False,False,True,fused_no_fx,[],had,True,True,False,,0.0001,0,2048,,False,1,32,2.0,True,3,0.0,False,,128,stats,int,per_group,sym,float_scale,3990.2508385181427,successful,1,0.11.1.dev108+ged46276c,2.6.0+rocm6.2.4,8.78091812133789,13.209291458129883,0.011204064809088516,0.013406741767847632,0.2619453924914676,0.010147858603835136,0.01128131833289775,0.4065656565656566,0.013957584079108996,0.42634680134680136,0.012849054826858115,0.6392818280739935,0.5580110497237569,0.6273122959738846,0.30119453924914674,0.010079056419223542
aab5c33efdd3da7f8981629de0254525,False,,0.5,0.5,False,,True,False,,False,wikitext2,float32,True,,,lm_eval,,,"['arc_challenge', 'arc_easy', 'winogrande', 'piqa']",False,False,False,0.9,False,False,False,,False,,,False,8,True,==SUPPRESS==,,64,stats,int,per_tensor,asym,float_scale,static,,,,False,200,0.005,False,0.01,0.9,0.05,False,,False,False,10,cosine,100,meta-llama/Llama-3.2-1B,False,128,800,True,1,False,False,False,False,False,True,fused_no_fx,[],had,True,True,False,,0.0001,0,2048,riemann_sgd,False,1,32,2.0,True,3,0.0,False,,128,stats,int,per_group,sym,float_scale,3991.0316548347473,successful,1,0.11.1.dev108+ged46276c,2.6.0+rocm6.2.4,8.78091812133789,13.281722068786621,0.011222279395304506,0.013329750293382316,0.25170648464163825,0.010130502164066333,0.01138052504658156,0.3930976430976431,0.014007765428365172,0.4208754208754209,0.012682496334042963,0.6365614798694232,0.5398579321231255,0.6099020674646355,0.295221843003413,0.010022540618945338
fba7212eee27e6c8f141086d77fa7d72,False,,0.5,0.5,False,,True,False,,False,wikitext2,float32,True,,,lm_eval,,,"['arc_challenge', 'arc_easy', 'winogrande', 'piqa']",False,False,False,1.0,False,False,False,,False,,,False,8,True,==SUPPRESS==,,64,stats,int,per_tensor,asym,float_scale,static,,,,False,200,0.005,False,0.01,0.9,0.1,False,,False,False,10,cosine,100,meta-llama/Llama-3.2-1B,False,128,800,True,1,False,False,False,False,False,True,fused_no_fx,[],had,True,True,False,,0.0001,0,2048,riemann_sgd,False,1,32,2.0,True,3,0.0,False,,128,stats,int,per_group,sym,float_scale,4148.624823331833,successful,1,0.11.1.dev108+ged46276c,2.6.0+rocm6.2.4,8.78091812133789,12.917497634887695,0.01120037517666747,0.013226719056266129,0.25426621160409557,0.010142653687480423,0.011354179751257073,0.3939393939393939,0.013998453610924319,0.4246632996632997,0.012724999945157746,0.6398258977149075,0.5438042620363063,0.6147986942328618,0.28754266211604096,0.010026305355981804
